lat,long,url
47.4057909,8.5719392,https://www.home.ch/en/rent/detail/apartment/subcategory-flat/at-Zrich/3.0+rooms/108193073/
47.3705306,8.5631021,https://www.home.ch/en/rent/detail/apartment/subcategory-flat/at-Zrich/2.0+rooms/108192955/
47.3937633,8.5261943,https://www.home.ch/en/rent/detail/apartment/subcategory-flat/at-Zrich/2.5+rooms/108192736/
47.3652832,8.5206088,https://www.home.ch/en/rent/detail/apartment/subcategory-flat/at-Zrich/3.0+rooms/108192687/
47.3742429,8.5031262,https://www.home.ch/en/rent/detail/apartment/subcategory-flat/at-Zrich/2.0+rooms/108192490/
47.4305110,8.5420035,https://www.home.ch/en/rent/detail/apartment/subcategory-flat/at-Zrich/3.0+rooms/108192497/
47.3885455,8.4932660,https://www.home.ch/en/rent/detail/apartment/subcategory-flat/at-Zrich/2.5+rooms/108192486/
47.3590927,8.5284657,https://www.home.ch/en/rent/detail/apartment/subcategory-flat/at-Zrich/2.0+rooms/108191386/
47.3825668,8.4840360,https://www.home.ch/en/rent/detail/apartment/subcategory-flat/at-Zrich/2.5+rooms/108191276/
47.3568633,8.5556099,https://www.home.ch/en/rent/detail/apartment/subcategory-flat/at-Zrich/2.0+rooms/108189341/
47.4309335,8.5429799,https://www.home.ch/en/rent/detail/apartment/subcategory-flat/at-Zrich/3.0+rooms/108186622/
47.4023889,8.4981771,https://www.home.ch/en/rent/detail/apartment/subcategory-flat/at-Zrich/3.0+rooms/108186535/
47.3736140,8.5233468,https://www.home.ch/en/rent/detail/apartment/subcategory-flat/at-Zrich/3.0+rooms/108186215/
47.3822265,8.4957235,https://www.home.ch/en/rent/detail/apartment/subcategory-flat/at-Zrich/2.5+rooms/108186213/
47.4157944,8.5373651,https://www.home.ch/en/rent/detail/apartment/subcategory-flat/at-Zrich/2.5+rooms/108186115/
47.3681629,8.5079169,https://www.home.ch/en/rent/detail/apartment/subcategory-flat/at-Zrich/2.0+rooms/108186119/
47.3724385,8.5261913,https://www.home.ch/en/rent/detail/apartment/subcategory-flat/at-Zrich/2.0+rooms/108185823/
47.3724385,8.5261913,https://www.home.ch/en/rent/detail/apartment/subcategory-flat/at-Zrich/2.0+rooms/108185824/
47.4033199,8.5568887,https://www.home.ch/en/rent/detail/apartment/subcategory-flat/at-Zrich/2.0+rooms/108185797/
47.3722762,8.5095884,https://www.home.ch/en/rent/detail/apartment/subcategory-flat/at-Zrich/3.0+rooms/108184940/
47.3923887,8.5288817,https://www.home.ch/en/rent/detail/apartment/subcategory-flat/at-Zrich/2.5+rooms/108183378/
47.3761343,8.5193327,https://www.home.ch/en/rent/detail/apartment/subcategory-flat/at-Zrich/2.0+rooms/108182023/
47.3568636,8.5721965,https://www.home.ch/en/rent/detail/apartment/subcategory-flat/at-Zrich/2.0+rooms/108181462/
47.3568636,8.5721965,https://www.home.ch/en/rent/detail/apartment/subcategory-flat/at-Zrich/3.0+rooms/108181463/
47.3596268,8.5838784,https://www.home.ch/en/rent/detail/apartment/subcategory-flat/at-Zrich/2.5+rooms/108181177/
47.3852007,8.5281793,https://www.home.ch/en/rent/detail/apartment/subcategory-flat/at-Zrich/3.0+rooms/108181315/
47.3715349,8.5263499,https://www.home.ch/en/rent/detail/apartment/subcategory-flat/at-Zrich/2.5+rooms/108180769/
47.3550888,8.5549373,https://www.home.ch/en/rent/detail/apartment/subcategory-flat/at-Zrich/2.0+rooms/108180949/
47.4151189,8.5459385,https://www.home.ch/en/rent/detail/apartment/subcategory-flat/at-Zrich/3.0+rooms/108180951/
47.3577488,8.5230658,https://www.home.ch/en/rent/detail/apartment/subcategory-flat/at-Zrich/3.0+rooms/108180200/
47.4139475,8.5582912,https://www.home.ch/en/rent/detail/apartment/subcategory-flat/at-Zrich/3.0+rooms/108180044/
47.4069599,8.5375142,https://www.home.ch/en/rent/detail/apartment/subcategory-flat/at-Zrich/2.0+rooms/108179936/
47.3697653,8.4921266,https://www.home.ch/en/rent/detail/apartment/subcategory-flat/at-Zrich/2.0+rooms/108177439/
47.4155014,8.5130284,https://www.home.ch/en/rent/detail/apartment/subcategory-flat/at-Zrich/3.0+rooms/108177064/
47.3995502,8.5410575,https://www.home.ch/en/rent/detail/apartment/subcategory-flat/at-Zrich/3.0+rooms/108175646/
47.4130711,8.5180414,https://www.home.ch/en/rent/detail/apartment/subcategory-flat/at-Zrich/2.5+rooms/108175652/
47.3842015,8.4767966,https://www.home.ch/en/rent/detail/apartment/subcategory-flat/at-Zrich/2.0+rooms/108175540/
47.3499082,8.5668999,https://www.home.ch/en/rent/detail/apartment/subcategory-flat/at-Zrich/2.0+rooms/108166911/
47.4209327,8.5044703,https://www.home.ch/en/rent/detail/apartment/subcategory-flat/at-Zrich/2.5+rooms/108164323/
47.4225341,8.5399429,https://www.home.ch/en/rent/detail/apartment/subcategory-flat/at-Zrich/2.5+rooms/108164252/
47.3361845,8.5261896,https://www.home.ch/en/rent/detail/apartment/subcategory-flat/at-Zrich/3.0+rooms/108163485/
47.3787617,8.5589028,https://www.home.ch/en/rent/detail/apartment/subcategory-flat/at-Zrich/2.0+rooms/108163060/
47.3599979,8.5588924,https://www.home.ch/en/rent/detail/apartment/subcategory-flat/at-Zrich/2.5+rooms/108162819/
47.3635131,8.5535118,https://www.home.ch/en/rent/detail/apartment/subcategory-flat/at-Zrich/2.0+rooms/108162555/
47.3635131,8.5535118,https://www.home.ch/en/rent/detail/apartment/subcategory-flat/at-Zrich/3.0+rooms/108162553/
47.3892740,8.4833729,https://www.home.ch/en/rent/detail/apartment/subcategory-flat/at-Zrich/2.0+rooms/108162415/
47.3671707,8.5594404,https://www.home.ch/en/rent/detail/apartment/subcategory-flat/at-Zrich/2.5+rooms/108162469/
47.4221032,8.4995920,https://www.home.ch/en/rent/detail/apartment/subcategory-flat/at-Zrich/2.5+rooms/108162466/
47.3902082,8.4795368,https://www.home.ch/en/rent/detail/apartment/subcategory-flat/at-Zrich/2.0+rooms/108162291/
47.3976948,8.5184453,https://www.home.ch/en/rent/detail/apartment/subcategory-flat/at-Zrich/2.0+rooms/108162231/
47.3911344,8.4725478,https://www.home.ch/en/rent/detail/apartment/subcategory-flat/at-Zrich/3.0+rooms/108158301/
47.3875472,8.4753656,https://www.home.ch/en/rent/detail/apartment/subcategory-flat/at-Zrich/2.5+rooms/108158041/
47.3847395,8.4954228,https://www.home.ch/en/rent/detail/apartment/subcategory-maisonette/at-Zrich/2.5+rooms/108158034/
47.3845163,8.5424935,https://www.home.ch/en/rent/detail/apartment/subcategory-flat/at-Zrich/3.0+rooms/108158207/
47.3971105,8.5393776,https://www.home.ch/en/rent/detail/apartment/subcategory-flat/at-Zrich/2.5+rooms/108157597/
47.3438778,8.5307884,https://www.home.ch/en/rent/detail/apartment/subcategory-flat/at-Zrich/3.0+rooms/108157324/
47.3570176,8.5576668,https://www.home.ch/en/rent/detail/apartment/subcategory-flat/at-Zrich/2.5+rooms/108156973/
47.3839477,8.4845134,https://www.home.ch/en/rent/detail/apartment/subcategory-flat/at-Zrich/2.5+rooms/108155514/
47.3616530,8.5998590,https://www.home.ch/en/rent/detail/apartment/subcategory-flat/at-Zrich/3.0+rooms/108154406/
47.3663590,8.5668690,https://www.home.ch/en/rent/detail/apartment/subcategory-flat/at-Zrich/2.5+rooms/108154368/
47.3755130,8.4966798,https://www.home.ch/en/rent/detail/apartment/subcategory-flat/at-Zrich/2.5+rooms/108154178/
47.4058880,8.5480255,https://www.home.ch/en/rent/detail/apartment/subcategory-flat/at-Zrich/2.5+rooms/108155496/
47.4040970,8.4923815,https://www.home.ch/en/rent/detail/apartment/subcategory-flat/at-Zrich/2.5+rooms/108147032/
47.3718012,8.4838646,https://www.home.ch/en/rent/detail/apartment/subcategory-flat/at-Zrich/3.0+rooms/108146720/
47.4238324,8.5553651,https://www.home.ch/en/rent/detail/apartment/subcategory-flat/at-Zrich/2.5+rooms/108146621/
47.4238324,8.5553651,https://www.home.ch/en/rent/detail/apartment/subcategory-flat/at-Zrich/2.5+rooms/108145275/
47.4238324,8.5553651,https://www.home.ch/en/rent/detail/apartment/subcategory-flat/at-Zrich/2.5+rooms/108145276/
47.4072107,8.5684051,https://www.home.ch/en/rent/detail/apartment/subcategory-flat/at-Zrich/2.5+rooms/108145126/
47.3788928,8.5112761,https://www.home.ch/en/rent/detail/apartment/subcategory-flat/at-Zrich/3.0+rooms/108145139/
47.3581256,8.5901077,https://www.home.ch/en/rent/detail/apartment/subcategory-flat/at-Zrich/3.0+rooms/108142604/
47.3660124,8.5215106,https://www.home.ch/en/rent/detail/apartment/subcategory-flat/at-Zrich/3.0+rooms/108142605/
47.4007623,8.5918524,https://www.home.ch/en/rent/detail/apartment/subcategory-flat/at-Zrich/2.5+rooms/108140223/
47.3838367,8.5550097,https://www.home.ch/en/rent/detail/apartment/subcategory-flat/at-Zrich/2.5+rooms/108138617/
47.3735130,8.5434984,https://www.home.ch/en/rent/detail/apartment/subcategory-flat/at-Zrich/3.0+rooms/108132664/
47.4052089,8.4868255,https://www.home.ch/en/rent/detail/apartment/subcategory-flat/at-Zrich/2.0+rooms/108128880/
47.4094595,8.5242887,https://www.home.ch/en/rent/detail/apartment/subcategory-flat/at-Zrich/2.5+rooms/108122888/
47.3251525,8.5093833,https://www.home.ch/en/rent/detail/apartment/subcategory-flat/at-Zrich/2.5+rooms/108122553/
47.4097486,8.5254117,https://www.home.ch/en/rent/detail/apartment/subcategory-flat/at-Zrich/3.0+rooms/108117037/
47.4155983,8.5465978,https://www.home.ch/en/rent/detail/apartment/subcategory-flat/at-Zrich/2.5+rooms/108116966/
47.3832268,8.5331973,https://www.home.ch/en/rent/detail/apartment/subcategory-flat/at-Zrich/3.0+rooms/108115834/
47.4072041,8.4905033,https://www.home.ch/en/rent/detail/apartment/subcategory-flat/at-Zrich/2.5+rooms/108112944/
47.3957239,8.5404617,https://www.home.ch/en/rent/detail/apartment/subcategory-flat/at-Zrich/2.5+rooms/108109970/
47.3491108,8.5281690,https://www.home.ch/en/rent/detail/apartment/subcategory-flat/at-Zrich/3.0+rooms/108100880/
47.4072041,8.4905033,https://www.home.ch/en/rent/detail/apartment/subcategory-flat/at-Zrich/2.5+rooms/108101533/
47.3345000,8.5121830,https://www.home.ch/en/rent/detail/apartment/subcategory-flat/at-Zrich/2.5+rooms/108100828/
47.4035072,8.5809663,https://www.home.ch/en/rent/detail/apartment/subcategory-flat/at-Zrich/3.0+rooms/108097178/
47.3804438,8.5458405,https://www.home.ch/en/rent/detail/apartment/subcategory-flat/at-Zrich/2.0+rooms/108096786/
47.4034865,8.5812441,https://www.home.ch/en/rent/detail/apartment/subcategory-flat/at-Zrich/2.0+rooms/108097193/
47.4100775,8.5236123,https://www.home.ch/en/rent/detail/apartment/subcategory-flat/at-Zrich/3.0+rooms/108097637/
47.3567827,8.5894697,https://www.home.ch/en/rent/detail/apartment/subcategory-flat/at-Zrich/3.0+rooms/108097272/
47.4100775,8.5236123,https://www.home.ch/en/rent/detail/apartment/subcategory-flat/at-Zrich/3.0+rooms/108096797/
47.3697307,8.5259423,https://www.home.ch/en/rent/detail/apartment/subcategory-flat/at-Zrich/3.0+rooms/108095536/
47.4097486,8.5254117,https://www.home.ch/en/rent/detail/apartment/subcategory-flat/at-Zrich/3.0+rooms/108089917/
47.4057909,8.5719392,https://www.home.ch/en/rent/detail/apartment/subcategory-flat/at-Zrich/3.0+rooms/108088805/
47.3810857,8.4955552,https://www.home.ch/en/rent/detail/apartment/subcategory-flat/at-Zrich/2.5+rooms/108085069/
47.3636709,8.5641329,https://www.home.ch/en/rent/detail/apartment/subcategory-flat/at-Zrich/2.0+rooms/108085007/
47.3598086,8.5818701,https://www.home.ch/en/rent/detail/apartment/subcategory-flat/at-Zrich/3.0+rooms/108071088/
47.3838103,8.4976223,https://www.home.ch/en/rent/detail/apartment/subcategory-flat/at-Zrich/2.5+rooms/108065954/
47.3657139,8.5636299,https://www.home.ch/en/rent/detail/apartment/subcategory-flat/at-Zrich/2.0+rooms/108065574/
47.4095925,8.5444190,https://www.home.ch/en/rent/detail/apartment/subcategory-flat/at-Zrich/2.5+rooms/108060682/
47.4128848,8.5177593,https://www.home.ch/en/rent/detail/apartment/subcategory-attic/at-Zrich/2.5+rooms/108059039/
47.3773150,8.5282319,https://www.home.ch/en/rent/detail/apartment/subcategory-flat/at-Zrich/2.0+rooms/108059058/
47.4093485,8.5236637,https://www.home.ch/en/rent/detail/apartment/subcategory-flat/at-Zrich/2.5+rooms/108055512/
47.3694851,8.5281485,https://www.home.ch/en/rent/detail/apartment/subcategory-flat/at-Zrich/3.0+rooms/108054615/
47.3325191,8.5296032,https://www.home.ch/en/rent/detail/apartment/subcategory-flat/at-Zrich/2.5+rooms/108049521/
47.3444437,8.5337247,https://www.home.ch/en/rent/detail/apartment/subcategory-flat/at-Zrich/3.0+rooms/108048220/
47.3904068,8.5438098,https://www.home.ch/en/rent/detail/apartment/subcategory-flat/at-Zrich/2.0+rooms/108040309/
47.3605611,8.5867183,https://www.home.ch/en/rent/detail/apartment/subcategory-flat/at-Zrich/3.0+rooms/108039703/
47.3766759,8.4849269,https://www.home.ch/en/rent/detail/apartment/subcategory-flat/at-Zrich/2.5+rooms/108010096/
47.4052883,8.5718225,https://www.home.ch/en/rent/detail/apartment/subcategory-flat/at-Zrich/2.5+rooms/108005586/
47.3852668,8.4848572,https://www.home.ch/en/rent/detail/apartment/subcategory-flat/at-Zrich/2.0+rooms/108005650/
47.4192705,8.5022905,https://www.home.ch/en/rent/detail/apartment/subcategory-flat/at-Zrich/3.0+rooms/108005091/
47.4031103,8.4841477,https://www.home.ch/en/rent/detail/apartment/subcategory-flat/at-Zrich/2.5+rooms/107990691/
47.4087499,8.5289649,https://www.home.ch/en/rent/detail/apartment/subcategory-flat/at-Zrich/3.0+rooms/107990676/
47.4086500,8.5290688,https://www.home.ch/en/rent/detail/apartment/subcategory-flat/at-Zrich/3.0+rooms/107983019/
47.3470398,8.5677127,https://www.home.ch/en/rent/detail/apartment/subcategory-maisonette/at-Zrich/2.5+rooms/107979046/
47.4090031,8.5552059,https://www.home.ch/en/rent/detail/apartment/subcategory-flat/at-Zrich/3.0+rooms/107976008/
47.3242128,8.5098275,https://www.home.ch/en/rent/detail/apartment/subcategory-flat/at-Zrich/2.5+rooms/107971366/
47.3818573,8.5578421,https://www.home.ch/en/rent/detail/apartment/subcategory-flat/at-Zrich/3.0+rooms/107971173/
47.3543569,8.5317983,https://www.home.ch/en/rent/detail/apartment/subcategory-flat/at-Zrich/3.0+rooms/107959471/
47.3550971,8.5958147,https://www.home.ch/en/rent/detail/apartment/subcategory-flat/at-Zrich/2.0+rooms/107950203/
47.3908999,8.5089195,https://www.home.ch/en/rent/detail/apartment/subcategory-flat/at-Zrich/2.5+rooms/107950028/
47.4247091,8.5535659,https://www.home.ch/en/rent/detail/apartment/subcategory-flat/at-Zrich/2.5+rooms/107932440/
47.4113630,8.5287797,https://www.home.ch/en/rent/detail/apartment/subcategory-flat/at-Zrich/3.0+rooms/107932378/
47.4294178,8.5425110,https://www.home.ch/en/rent/detail/apartment/subcategory-flat/at-Zrich/2.5+rooms/107930628/
47.3846031,8.4796973,https://www.home.ch/en/rent/detail/apartment/subcategory-studio/at-Zrich/2.5+rooms/107929542/
47.3597816,8.5809693,https://www.home.ch/en/rent/detail/apartment/subcategory-flat/at-Zrich/2.5+rooms/107921015/
47.3615226,8.5904326,https://www.home.ch/en/rent/detail/apartment/subcategory-flat/at-Zrich/3.0+rooms/107905181/
47.3576146,8.5899378,https://www.home.ch/en/rent/detail/apartment/subcategory-flat/at-Zrich/2.0+rooms/107904240/
47.3624887,8.5506043,https://www.home.ch/en/rent/detail/apartment/subcategory-flat/at-Zrich/3.0+rooms/107904258/
47.3570038,8.5952461,https://www.home.ch/en/rent/detail/apartment/subcategory-flat/at-Zrich/2.0+rooms/107902284/
47.4305110,8.5420035,https://www.home.ch/en/rent/detail/apartment/subcategory-flat/at-Zrich/3.0+rooms/107899002/
47.3863661,8.4856470,https://www.home.ch/en/rent/detail/apartment/subcategory-flat/at-Zrich/3.0+rooms/107897430/
47.3913441,8.4722340,https://www.home.ch/en/rent/detail/apartment/subcategory-flat/at-Zrich/2.0+rooms/107891906/
47.3913441,8.4722340,https://www.home.ch/en/rent/detail/apartment/subcategory-flat/at-Zrich/3.0+rooms/107891908/
47.4034711,8.4830419,https://www.home.ch/en/rent/detail/apartment/subcategory-flat/at-Zrich/2.5+rooms/107886089/
47.3726478,8.5199108,https://www.home.ch/en/rent/detail/apartment/subcategory-flat/at-Zrich/2.5+rooms/107884472/
47.3612707,8.5605107,https://www.home.ch/en/rent/detail/apartment/subcategory-flat/at-Zrich/3.0+rooms/107870071/
47.4058639,8.4892641,https://www.home.ch/en/rent/detail/apartment/subcategory-flat/at-Zrich/2.0+rooms/107864861/
47.3951415,8.5249653,https://www.home.ch/en/rent/detail/apartment/subcategory-flat/at-Zrich/3.0+rooms/107863459/
47.3578054,8.5897433,https://www.home.ch/en/rent/detail/apartment/subcategory-flat/at-Zrich/2.0+rooms/107861050/
47.4032318,8.5033610,https://www.home.ch/en/rent/detail/apartment/subcategory-flat/at-Zrich/3.0+rooms/107848130/
47.4062937,8.5720294,https://www.home.ch/en/rent/detail/apartment/subcategory-flat/at-Zrich/2.0+rooms/107828988/
47.3567545,8.5557002,https://www.home.ch/en/rent/detail/apartment/subcategory-flat/at-Zrich/2.0+rooms/107827915/
47.4313586,8.5427369,https://www.home.ch/en/rent/detail/apartment/subcategory-flat/at-Zrich/3.0+rooms/107824164/
47.4017241,8.4951432,https://www.home.ch/en/rent/detail/apartment/subcategory-flat/at-Zrich/2.0+rooms/107808704/
47.3838309,8.5071055,https://www.home.ch/en/rent/detail/apartment/subcategory-attic/at-Zrich/2.5+rooms/107783422/
47.3759382,8.4967906,https://www.home.ch/en/rent/detail/apartment/subcategory-flat/at-Zrich/2.5+rooms/107760611/
47.3863613,8.5411164,https://www.home.ch/en/rent/detail/apartment/subcategory-penthouse/at-Zrich/2.5+rooms/107751168/
47.3537908,8.5565124,https://www.home.ch/en/rent/detail/apartment/subcategory-flat/at-Zrich/2.0+rooms/107677237/
47.3996188,8.5423440,https://www.home.ch/en/rent/detail/apartment/subcategory-flat/at-Zrich/2.0+rooms/107642057/
47.3755130,8.4966798,https://www.home.ch/en/rent/detail/apartment/subcategory-attic/at-Zrich/2.5+rooms/107626651/
47.4108277,8.5261055,https://www.home.ch/en/rent/detail/apartment/subcategory-flat/at-Zrich/3.0+rooms/107509866/
47.4108277,8.5261055,https://www.home.ch/en/rent/detail/apartment/subcategory-flat/at-Zrich/3.0+rooms/107509752/
47.3542801,8.5995420,https://www.home.ch/en/rent/detail/apartment/subcategory-flat/at-Zrich/3.0+rooms/107458562/
47.4023035,8.4947308,https://www.home.ch/en/rent/detail/apartment/subcategory-flat/at-Zrich/3.0+rooms/107457801/
47.4313586,8.5427369,https://www.home.ch/en/rent/detail/apartment/subcategory-flat/at-Zrich/3.0+rooms/107399419/
47.4015160,8.5367659,https://www.home.ch/en/rent/detail/apartment/subcategory-flat/at-Zrich/2.5+rooms/107371350/
47.3801179,8.5581897,https://www.home.ch/en/rent/detail/apartment/subcategory-flat/at-Zrich/2.0+rooms/107359839/
47.3836722,8.5562115,https://www.home.ch/en/rent/detail/apartment/subcategory-flat/at-Zrich/3.0+rooms/107251484/
47.4092671,8.5450887,https://www.home.ch/en/rent/detail/apartment/subcategory-flat/at-Zrich/2.5+rooms/107172887/
47.4181421,8.5430327,https://www.home.ch/en/rent/detail/apartment/subcategory-flat/at-Zrich/2.5+rooms/106038068/
